{
  "manifest-bundle.zip": 1605886247540,
  "manifest.json": 1605886247526,
  "model/models.js": 1605883419188,
  "controller/Main.controller.js": 1605883419188,
  "Component.js": 1605883419188,
  "i18n/i18n.properties": 1605883419188,
  "Component-preload.js": 1605886247679,
  "Component-dbg.js": 1605883419188,
  "controller/Main-dbg.controller.js": 1605883419188,
  "model/models-dbg.js": 1605883419188,
  "view/Main.view.xml": 1605883419196,
  "css/style.css": 1605883419188,
  "index.html": 1605886180224
}